id;categorie;confiance;nom;exploitant;commune;departement;adresse_selon_source;lat;lon;origine_coordonnees;capacite;statut;preuve_citation;source_url;source_page;fiche_georisques;date_consultation
IDF1;producteur CSR;confirmé;Val'Pôle Plessis-Gassot - plateforme de préparation CSR;Routière de l'Est Parisien (REP), groupe Veolia;Le Plessis-Gassot (site sur Le Plessis-Gassot, Le Mesnil-Aubry, Écouen);95;La Ferme du Château, 95720 Le Plessis-Gassot (Géorisques);49.0273;2.4128;Géorisques AIOT 0006506767 (point du site ISDND, pas forcément de l'unité CSR);"270 000 t/an entrants (tri + préparation CSR + enrubannage), 800 t/j [AP 2024] ; 150 000 t/an de déchets [exploitant] ; production de CSR non publiée";"autorisé le 26/09/2024 ; décrit en service par l'exploitant (2026)";"« activités de production de CSR et de stockage temporaire des stocks de CSR » (AP IC-24-127 art. 2) ; « Centre de tri, plateforme de préparation CSR et plateforme d'enrubannage - Capacité de traitement annuel : 270 000 t/an »";"https://www.georisques.gouv.fr/webappReport/ws/installations/document/DsOidJhOVajrDvASDgZfoJlRGUHMPAE6 ; https://www.valpole.fr/le-val-p%C3%B4le-plessis-gassot";AP p.3-4/8;https://www.georisques.gouv.fr/risques/installations/donnees/details/0006506767;26/09/2026
IDF2;producteur CSR;confirmé;Préparation CSR Écharcon (écosite de Vert-le-Grand);SEMAVERT (reprise de SEMAVAL le 02/02/2026), groupe Semardel;Écharcon / Vert-le-Grand;91;Lieux-dits Le Sauvageon et Les Soixante, 91540 Écharcon (Géorisques);48.5885;2.3960;Géorisques AIOT 0006512489 (SINOE 117666 : 48.5797, 2.3616);"CSR produit ~60 000 t/an (40 000 actuellement, potentiel 80 000) [PRPGD 2019] ; rubrique 3532 « Production de CSR... / Production de bois » 900 t/j entrants [APC 2026]";en service (SINOE « Opérationnel », ouverture 01/01/2018);"« Production de CSR destinés à la valorisation énergétique » 900 t/j (APC 2026-PREF/DCPPAT/BUPPE/184, p.3/12) ; « Vert le Grand, pour une capacité de production de CSR moyenne de l'ordre de 60 000 t/an » (PRPGD)";"https://www.georisques.gouv.fr/webappReport/ws/installations/document/y43TKdWJX2RVaDC1Ef18t1c1butoVnGX ; https://www.iledefrance.fr/sites/default/files/medias/espace-media/divers/PRPGPD/CHAPITRE-III.pdf ; https://www.sinoe.org/index.php/fiche_service/index/id/117666/prov/fiche";"APC p.2-3/12 ; PRPGD p.96";https://www.georisques.gouv.fr/risques/installations/donnees/details/0006512489;26/09/2026
IDF3;producteur CSR;confirmé;Préparation CSR Bruyères-sur-Oise;Derichebourg - Refinal Industries (ex-Corepa);Bruyères-sur-Oise;95;Rue de Beaumont, 95820 Bruyères-sur-Oise (SINOE, Géorisques);49.1519;2.3147;Géorisques AIOT 0006509350 (SINOE 117665 : 49.1544, 2.3249);"CSR ~20 000 t/an [PRPGD 2019] ; site : 2791 = 1 750 t/j, 3532 = 550 t/j (broyage de métaux)";en service (SINOE « Opérationnel », fiche du 01/12/2025);"« Préparation CSR Bruyères-sur-Oise - DERICHEBOURG », type 08D « Fabrication de combustibles » (SINOE) ; « Bruyère sur Oise, pour une capacité de production de CSR de l'ordre de 20 000 t/an » (PRPGD) ; CSR issu de résidus de broyage (AFITE 2025)";"https://www.sinoe.org/index.php/fiche_service/index/id/117665/prov/fiche ; https://www.iledefrance.fr/sites/default/files/medias/espace-media/divers/PRPGPD/CHAPITRE-III.pdf";PRPGD p.96;https://www.georisques.gouv.fr/risques/installations/donnees/details/0006509350;26/09/2026
IDF4;centre de tri DAE;possible;Centre de tri PAPREC Île-de-France Nord;Paprec Grand Île-de-France;La Courneuve;93;3-7 rue Pascal, 93120 La Courneuve (Géorisques);48.9279;2.4043;Géorisques AIOT 0007403935;396 000 t/an autorisées en 2015 (tri DAE mélange, papier/carton, encombrants);en service (Géorisques);"centre de tri de DAE ; aucune mention de CSR trouvée";https://www.iledefrance.fr/sites/default/files/medias/espace-media/divers/PRPGPD/CHAPITRE-III.pdf;annexe 8, p.220;https://www.georisques.gouv.fr/risques/installations/donnees/details/0007403935;26/09/2026
IDF5;centre de tri DAE;possible;CDIF - Centre de Déchets Industriels Franciliens;CDIF;Pierrefitte-sur-Seine;93;8 rue Babeuf, 93380 (Géorisques, libellé « Saint-Denis »);48.9609;2.3696;Géorisques AIOT 0007402435 (fiche « Non ICPE », état non renseigné);350 000 t/an autorisées en 2015;statut actuel non vérifié;"centre de tri de DAE ; aucune mention de CSR trouvée";https://www.iledefrance.fr/sites/default/files/medias/espace-media/divers/PRPGPD/CHAPITRE-III.pdf;annexe 8, p.220;https://www.georisques.gouv.fr/risques/installations/donnees/details/0007402435;26/09/2026
IDF6;centre de tri DAE;possible;Centre de tri Veolia Propreté REP Gennevilliers;Veolia;Gennevilliers;92;14 chemin des Petits Marais (Géorisques);48.9486;2.3019;Géorisques AIOT 0007402284 (rapprochement déduit, à vérifier);340 000 t/an autorisées en 2015;en service (Géorisques);"centre de tri de DAE ; aucune mention de CSR trouvée";https://www.iledefrance.fr/sites/default/files/medias/espace-media/divers/PRPGPD/CHAPITRE-III.pdf;annexe 8, p.220;https://www.georisques.gouv.fr/risques/installations/donnees/details/0007402284;26/09/2026
IDF7;centre de tri DAE;possible;Centre de tri Suez Gennevilliers;Suez R&V Île-de-France;Gennevilliers;92;21 route du Bassin n°5 (Géorisques);48.9449;2.2887;Géorisques AIOT 0007402240 (rapprochement déduit, à vérifier);305 000 t/an autorisées en 2015;en service (Géorisques);"centre de tri de DAE ; aucune mention de CSR trouvée";https://www.iledefrance.fr/sites/default/files/medias/espace-media/divers/PRPGPD/CHAPITRE-III.pdf;annexe 8, p.220;https://www.georisques.gouv.fr/risques/installations/donnees/details/0007402240;26/09/2026
IDF8;centre de tri DAE;possible;Val'Pôle Claye-Souilly - centre de tri;REP / Veolia;Claye-Souilly;77;Angle RN3/RD404 (Géorisques);48.9550;2.7319;Géorisques AIOT 0006501121;250 000 t/an autorisées en 2015;"en service ; pas de CSR dans la liste des filières du site (valpole.fr)";"centre de tri de DAE ; aucune mention de CSR trouvée";https://www.iledefrance.fr/sites/default/files/medias/espace-media/divers/PRPGPD/CHAPITRE-III.pdf;annexe 8, p.220;https://www.georisques.gouv.fr/risques/installations/donnees/details/0006501121;26/09/2026
IDF9;centre de tri DAE;possible;Green Récupération (ex-Coved) Argenteuil;Green Récupération;Argenteuil;95;2 et 4 rue de l'Ouest (Géorisques);48.9492;2.2125;Géorisques AIOT 0006505364;151 000 t/an autorisées en 2015;"en service ; arrêté post-incendie du 03/08/2026 (Géorisques)";"centre de tri de DAE ; aucune mention de CSR trouvée";https://www.iledefrance.fr/sites/default/files/medias/espace-media/divers/PRPGPD/CHAPITRE-III.pdf;annexe 8, p.220;https://www.georisques.gouv.fr/risques/installations/donnees/details/0006505364;26/09/2026
IDF10;centre de tri DAE;possible;Centre de tri PAPREC Le Blanc-Mesnil;Paprec Grand Île-de-France;Le Blanc-Mesnil;93;6 rue de la Victoire (Géorisques);48.9392;2.4459;Géorisques AIOT 0007403912;108 000 t/an autorisées en 2015;en service;"centre de tri de DAE ; aucune mention de CSR trouvée";https://www.iledefrance.fr/sites/default/files/medias/espace-media/divers/PRPGPD/CHAPITRE-III.pdf;annexe 8, p.220;https://www.georisques.gouv.fr/risques/installations/donnees/details/0007403912;26/09/2026
IDF11;centre de tri DAE;possible;Bennes Service Quincy-Voisins;Bennes Services;Quincy-Voisins;77;270 avenue du Maréchal Foch (Géorisques);48.9109;2.8812;Géorisques AIOT 0006509209;88 000 t/an autorisées en 2015;en service;"centre de tri de DAE ; aucune mention de CSR trouvée";https://www.iledefrance.fr/sites/default/files/medias/espace-media/divers/PRPGPD/CHAPITRE-III.pdf;annexe 8, p.221;https://www.georisques.gouv.fr/risques/installations/donnees/details/0006509209;26/09/2026
IDF12;centre de tri DAE;possible;Suez Limeil-Brévannes;Suez R&V;Limeil-Brévannes;94;Rue des Longs Rideaux (Géorisques);48.7468;2.4902;Géorisques AIOT 0007403891 (volumes 2714/2716 = 0 m3 : activité à vérifier);188 500 t/an autorisées en 2015;statut incertain;"centre de tri de DAE ; aucune mention de CSR trouvée";https://www.iledefrance.fr/sites/default/files/medias/espace-media/divers/PRPGPD/CHAPITRE-III.pdf;annexe 8, p.220;https://www.georisques.gouv.fr/risques/installations/donnees/details/0007403891;26/09/2026
IDF13;centre de tri DAE;possible;Big Bennes Soignolles-en-Brie;Big Bennes;Soignolles-en-Brie;77;ZA Mont Saint Sébastien (Géorisques);48.6401;2.7291;Géorisques AIOT 0006502713;150 000 t/an autorisées en 2015;en service;"centre de tri de DAE ; aucune mention de CSR trouvée";https://www.iledefrance.fr/sites/default/files/medias/espace-media/divers/PRPGPD/CHAPITRE-III.pdf;annexe 8, p.220;https://www.georisques.gouv.fr/risques/installations/donnees/details/0006502713;26/09/2026
IDF14;centre de tri DAE;possible;Paprec Île-de-France Sud Villeneuve-le-Roi;Paprec Grand Île-de-France;Villeneuve-le-Roi;94;21 rue de la Pierre Fitte (Géorisques);48.7381;2.4309;Géorisques AIOT 0007403814;110 000 t/an autorisées en 2015;en service;"centre de tri de DAE ; aucune mention de CSR trouvée";https://www.iledefrance.fr/sites/default/files/medias/espace-media/divers/PRPGPD/CHAPITRE-III.pdf;annexe 8, p.220;https://www.georisques.gouv.fr/risques/installations/donnees/details/0007403814;26/09/2026
IDF15;centre de tri DAE;possible;Sepur CR2T Thiverval-Grignon;Sepur;Thiverval-Grignon;78;Le Ru Maldroit (Géorisques);48.8344;1.9283;Géorisques AIOT 0006506851;110 000 t/an autorisées en 2015;en service;"centre de tri de DAE ; aucune mention de CSR trouvée";https://www.iledefrance.fr/sites/default/files/medias/espace-media/divers/PRPGPD/CHAPITRE-III.pdf;annexe 8, p.220;https://www.georisques.gouv.fr/risques/installations/donnees/details/0006506851;26/09/2026
HDF1;producteur CSR;confirmé;Centre de tri et de préparation de combustible Suez Flavigny;Suez;Flavigny-le-Grand-et-Beaurain;02;non trouvée;49.8896;3.6863;"Géorisques AIOT 0005100311 « EDIFI NORD, Le Grand Royard » : seul site de traitement de déchets de la commune ; lien avec Suez DÉDUIT";jusqu'à 50 % des 160 000 t/an de la chaufferie Tereos;fournisseur prévu de la chaufferie Tereos;« Ces produits proviendront jusqu'à 50% du flux total du centre de tri et de préparation de combustible Suez de Flavigny-le-Grand-et-Beaurain »;https://www.bioenergie-promotion.fr/101459/suez-va-construire-une-chaufferie-csr-de-66-mw-a-la-sucrerie-distillerie-tereos-dorigny-sainte-benoite-dans-laisne/;article du 04/10/2024;https://www.georisques.gouv.fr/risques/installations/donnees/details/0005100311;26/09/2026
HDF2;producteur CSR;confirmé;Suez Recydem / Écopôle Lourches;Suez RV Nord Est;Lourches;59;CD 249, 59156 Lourches (SINOE, Géorisques);50.3079;3.3670;Géorisques AIOT 0007000571;jusqu'à 50 % des 160 000 t/an de la chaufferie Tereos;en service (SINOE 08D);« jusqu'à 50% du flux total du centre de tri et de préparation de combustible SUEZ Recydem à Lourches »;https://www.bioenergie-promotion.fr/101459/suez-va-construire-une-chaufferie-csr-de-66-mw-a-la-sucrerie-distillerie-tereos-dorigny-sainte-benoite-dans-laisne/;article du 04/10/2024;https://www.georisques.gouv.fr/risques/installations/donnees/details/0007000571;26/09/2026
HDF3;producteur CSR;confirmé;Baudelet - préparation CSR, Éco-Parc de Blaringhem;Groupe Baudelet;Blaringhem;59;Éco-Parc, lieu-dit Les Prairies (Géorisques);50.6787;2.4057;Géorisques AIOT 0007000662;75 000 t/an de CSR (depuis juillet 2026);en service;« porte la capacité de production à 75 000 tonnes par an, principalement destinées à alimenter la cimenterie EQIOM de Lumbres »;https://www.enerzine.com/a-blaringhem-baudelet-double-sa-production-de-combustible-de-recuperation/191548-2026-07;article juillet 2026;https://www.georisques.gouv.fr/risques/installations/donnees/details/0007000662;26/09/2026
HDF4;producteur CSR;confirmé;SYMEVAD - centre TVME;SYMEVAD;Hénin-Beaumont / Évin-Malmaison;62;Rue Albert Carré, Hénin-Beaumont (SINOE, Géorisques);50.4207;2.9516;Géorisques AIOT 0007005848;100 000 t/an entrants (AMORCE 2021);en service (SINOE);« 62 Evin Malmaison TVME SYMEVAD 100000 » (tableau des unités de préparation de CSR);https://amorce.asso.fr/publications/etat-de-lieux-national-des-unites-de-preparation-de-combustibles-solides-de-recuperation-dt126/download;p.14;https://www.georisques.gouv.fr/risques/installations/donnees/details/0007005848;26/09/2026
HDF5;producteur CSR;confirmé;Vanheede Environnement;Vanheede;Billy-Berclau;62;375 avenue de Sofia, 62138 Billy-Berclau (SINOE);50.5238;2.8581;Géorisques AIOT 0007005009;capacité réglementaire 150 000 t/an et 21 442 t en 2022 (chiffres rapportés par un sous-agent, non revérifiés);en service (SINOE, depuis 2013);"type 08D « Fabrication de combustibles » (SINOE open data) ; provenance autorisée incluant l'IdF (fiche SINOE 119606, via sous-agent)";https://www.sinoe.org/index.php/fiche_service/index/id/119606/prov/fiche;fiche SINOE;https://www.georisques.gouv.fr/risques/installations/donnees/details/0007005009;26/09/2026
NOR1;producteur CSR;confirmé;Suez - site Trinergy (préparation biomasse/CSR);Suez RV Normandie;Rogerville;76;Route des Gabions, accès Port du Havre n°1327 (Géorisques);49.4639;0.2468;Géorisques AIOT 0100000861;90 000 t/an de déchets non dangereux (unité biomasse/CSR);"autorisé le 28/10/2022 ; alimente BioSynErgy";"« L'unité de préparation de Biomasse / CSR est autorisée à traiter 90 000 t/an de déchets non dangereux » ; zone de chalandise : Normandie + régions limitrophes";https://www.georisques.gouv.fr/webappReport/ws/installations/document/Mg37EIjx9xXYbHd4Fy1rytnHLZpkWnc8;AP art. 1.2.2-1.2.3;https://www.georisques.gouv.fr/risques/installations/donnees/details/0100000861;26/09/2026
NOR2;producteur CSR;confirmé;Veolia Propreté Nord Normandie;Veolia;Oissel;76;non trouvée;49.3424;1.0957;Nominatim : centre de la commune d'Oissel (APPROXIMATIF, site non localisé);105 000 t/an entrants (AMORCE 2021);en service en 2021;« Normandie Oissel Propreté Nord Normandie VEOLIA 105000 »;https://amorce.asso.fr/publications/etat-de-lieux-national-des-unites-de-preparation-de-combustibles-solides-de-recuperation-dt126/download;p.14;;26/09/2026
NOR3;producteur CSR;confirmé;NPC - Négoce Papiers Cartons;NPC;Alizay;27;ZI du Grand Parc (Géorisques);49.3139;1.1875;Géorisques AIOT 0005800832;non publiée;en service;« elle produit également partir de certains déchets des combustibles solides de récupération (CSR) »;https://www.mrae.developpement-durable.gouv.fr/IMG/pdf/a_2025_6034_npc_alizay_delibere-2.pdf;p.3;https://www.georisques.gouv.fr/risques/installations/donnees/details/0005800832;26/09/2026
CVL1;producteur CSR;confirmé;Cap Recyclage 41 (groupe Chavigny);Cap Recyclage;Saint-Amand-Longpré;41;5 rue de la Vallée du Loir (SINOE, Géorisques);47.6983;0.9979;Géorisques AIOT 0010011716;"un peu plus de 40 000 t/an ; ~10 000 t de CSR en 2022";en service depuis 2021;« seules environ 15 000 tonnes ont pu être préparées pour produire environ 10 000 tonnes de CSR »;https://www.centre-valdeloire.fr/sites/default/files/media/document/2023-10/Donn%C3%A9es%202019_CSR_Rapport.pdf;p.23-24 (index PDF);https://www.georisques.gouv.fr/risques/installations/donnees/details/0010011716;26/09/2026
CVL2;producteur CSR;confirmé;Coved (Paprec) Chanceaux-près-Loches;Coved / Paprec;Chanceaux-près-Loches;37;La Baillaudière (Géorisques);47.1376;0.9560;Géorisques AIOT 0010003902;~4 000 t de CSR en 2022;en service depuis mai 2022;« de refus pour une production de 4 000 tonnes de CSR »;https://www.centre-valdeloire.fr/sites/default/files/media/document/2023-10/Donn%C3%A9es%202019_CSR_Rapport.pdf;p.24 (index PDF);https://www.georisques.gouv.fr/risques/installations/donnees/details/0010003902;26/09/2026
CVL3;producteur CSR;confirmé (projet);Veolia SOCCOIM Chaingy - unité de préparation CSR;Veolia (SOCCOIM);Chaingy;45;ZA Les Pierrelets (Géorisques);47.8818;1.8020;Géorisques AIOT 0010001608;"projet de 60 000 t/an de déchets ; CSR destiné à Dombasle (54)";en projet (avancement actuel non trouvé);"« L'entreprise Véolia a un projet avancé sur son site de Chaingy » ; « besoin d'une nouvelle chaudière CSR située à Dombasle »";https://www.centre-valdeloire.fr/sites/default/files/media/document/2023-10/Donn%C3%A9es%202019_CSR_Rapport.pdf;p.25 (index PDF);https://www.georisques.gouv.fr/risques/installations/donnees/details/0010001608;26/09/2026
GE1;producteur CSR;confirmé;Machaon SAS;Machaon;Châlons-en-Champagne;51;3 avenue du 106e Régiment d'Infanterie (Géorisques, SINOE);48.9705;4.3548;Géorisques AIOT 0005704963;10 800 t/an de CSR (17 200 autorisées);en service;« Actuellement la production de CSR vrac est de 30 t/j [...] soit 900 t/mois ou 10 800 tonnes/an (pour 17 200 t/an autorisés dans l'AP) »;https://www.marne.gouv.fr/contenu/telechargement/34890/216949/file/Annexe%20suppl%C3%A9mentaire%20Porter%20%C3%A0%20Connaissance%20MACHAON%202eme%20dechiqueteur.pdf;porter à connaissance;https://www.georisques.gouv.fr/risques/installations/donnees/details/0005704963;26/09/2026
BFC1;producteur CSR;confirmé;Bourgogne Recyclage - site de Beaune;Bourgogne Recyclage;Ruffey-lès-Beaune;21;Travoisy, 21200 Ruffey-lès-Beaune (SINOE);47.0043;4.9211;SINOE open data (type 08D), coordonnées SINOE;21 140 t/an entrants (AMORCE 2021);en service;« 21 Ruffey les [Beaune] Site de Beaune BOURGOGNE [RECYCLAGE] 21140 »;https://amorce.asso.fr/publications/etat-de-lieux-national-des-unites-de-preparation-de-combustibles-solides-de-recuperation-dt126/download;p.14;;26/09/2026
